stcode,dtcode,disticname,sdtcode,subdisticname,tvcode,villagename
16,0,TRIPURA,0,TRIPURA,0,TRIPURA
16,289,West Tripura ,0,West Tripura ,0,West Tripura 
16,289,West Tripura ,1922,Mohanpur,0,Mohanpur
16,289,West Tripura ,1922,Mohanpur,271843,Paschim Simna (Part)
16,289,West Tripura ,1922,Mohanpur,271844,Megliband  (Part)
16,289,West Tripura ,1922,Mohanpur,271845,Ishanpur(Part)
16,289,West Tripura ,1922,Mohanpur,271846,Mantala(Part)
16,289,West Tripura ,1922,Mohanpur,271847,Kalachhara
16,289,West Tripura ,1922,Mohanpur,271848,Bejoynagar
16,289,West Tripura ,1922,Mohanpur,271849,Mohanpur(Part)
16,289,West Tripura ,1922,Mohanpur,271850,Noagaon(Part)
16,289,West Tripura ,1922,Mohanpur,271851,Kalkalia
16,289,West Tripura ,1922,Mohanpur,271852,Bamutia
16,289,West Tripura ,1922,Mohanpur,271853,Fatikchhara
16,289,West Tripura ,1922,Mohanpur,271854,Laxmilunga
16,289,West Tripura ,1922,Mohanpur,271855,Lankamura (Part)
16,289,West Tripura ,1922,Mohanpur,271856,Ramnagar (Part) (Minabari)
16,289,West Tripura ,1922,Mohanpur,271857,Barjala (Part)
16,289,West Tripura ,1922,Mohanpur,271858,Kunjaban (Part) 
16,289,West Tripura ,1922,Mohanpur,271859,Debendrachandranagar (Part)
16,289,West Tripura ,1922,Mohanpur,271860,Bodhjongnagar
16,289,West Tripura ,1922,Mohanpur,271861,Tulabagan
16,289,West Tripura ,1922,Mohanpur,271862,Uttar Debendrachandranagar
16,289,West Tripura ,1922,Mohanpur,271863,Taranagar (CT)
16,289,West Tripura ,1922,Mohanpur,271864,Narsingarh (CT)
16,289,West Tripura ,1922,Mohanpur,271865,Singarbil (CT)
16,289,West Tripura ,1922,Mohanpur,271866,Gandhigram (CT)
16,289,West Tripura ,1923,Hezamara,0,Hezamara
16,289,West Tripura ,1923,Hezamara,271867,Paschim Simna (Part)
16,289,West Tripura ,1923,Hezamara,271868,Megliband (Part)
16,289,West Tripura ,1923,Hezamara,271869,Purba Simna
16,289,West Tripura ,1923,Hezamara,271870,Uttar Dashgharia
16,289,West Tripura ,1923,Hezamara,271871,Sankhola
16,289,West Tripura ,1923,Hezamara,271872,Ishanpur(Part)
16,289,West Tripura ,1923,Hezamara,271873,Baluaban
16,289,West Tripura ,1923,Hezamara,271874,Mantala(Part)
16,289,West Tripura ,1923,Hezamara,271875,Baikunthapur
16,289,West Tripura ,1923,Hezamara,271876,Dakshin Dashgharia
16,289,West Tripura ,1923,Hezamara,271877,Subalsingh
16,289,West Tripura ,1923,Hezamara,271878,Kamukchhara
16,289,West Tripura ,1923,Hezamara,271879,Surendranagar
16,289,West Tripura ,1923,Hezamara,271880,Mohanpur (Part)
16,289,West Tripura ,1923,Hezamara,271881,Noagaon (Part)
16,289,West Tripura ,1923,Hezamara,271882,Thamakari
16,289,West Tripura ,1923,Hezamara,271883,Barkanthalia
16,289,West Tripura ,1923,Hezamara,271884,Chandpur
16,289,West Tripura ,1923,Hezamara,271885,Domrakaridak
16,289,West Tripura ,1923,Hezamara,271886,Tuichhamankuri
16,289,West Tripura ,1924,Padmabil,0,Padmabil
16,289,West Tripura ,1924,Padmabil,271887,Khengrabari
16,289,West Tripura ,1924,Padmabil,271888,Bagabil
16,289,West Tripura ,1924,Padmabil,271889,Ratanpur
16,289,West Tripura ,1924,Padmabil,271890,Paschim Belchhara
16,289,West Tripura ,1924,Padmabil,271891,Purba Belchhara
16,289,West Tripura ,1924,Padmabil,271892,Uttar Padmabil (Part)
16,289,West Tripura ,1924,Padmabil,271893,Gayamanibari
16,289,West Tripura ,1924,Padmabil,271894,Dakshin Padmabil
16,289,West Tripura ,1924,Padmabil,271895,Dhalabil (Part)
16,289,West Tripura ,1924,Padmabil,271896,Uttar Ramchandraghat (Part)
16,289,West Tripura ,1924,Padmabil,271897,Dakshin Ramchandraghat
16,289,West Tripura ,1924,Padmabil,271898,Tuihachingbari
16,289,West Tripura ,1924,Padmabil,271899,Akhrabari
16,289,West Tripura ,1924,Padmabil,271900,Purba Ramchandraghat (Part) 
16,289,West Tripura ,1924,Padmabil,271901,Laxminarayanpur (Part)
16,289,West Tripura ,1924,Padmabil,271902,Dwarikapur (Part)
16,289,West Tripura ,1924,Padmabil,271903,Ramdayalbari (Part)
16,289,West Tripura ,1924,Padmabil,271904,Paglabari
16,289,West Tripura ,1925,Khowai,0,Khowai
16,289,West Tripura ,1925,Khowai,271905,Paschim Singhichhara (Part)
16,289,West Tripura ,1925,Khowai,271906,Purba Singhichhara
16,289,West Tripura ,1925,Khowai,271907,Ganki (Part)
16,289,West Tripura ,1925,Khowai,271908,Paharmura
16,289,West Tripura ,1925,Khowai,271909,Gournagar
16,289,West Tripura ,1925,Khowai,271910,Uttar Padmabil (Part)
16,289,West Tripura ,1925,Khowai,271911,Dhalabil (Part)
16,289,West Tripura ,1925,Khowai,271912,Uttar Ramchandraghat (Part)
16,289,West Tripura ,1925,Khowai,271913,Sonatala
16,289,West Tripura ,1925,Khowai,271914,Purba Ramchandraghat (Part) 
16,289,West Tripura ,1925,Khowai,271915,Chebri
16,289,West Tripura ,1925,Khowai,271916,Laxminarayanpur (Part)
16,289,West Tripura ,1925,Khowai,271917,Santinagar (Part)
16,289,West Tripura ,1926,Tulashikhar,0,Tulashikhar
16,289,West Tripura ,1926,Tulashikhar,271918,Chamubasti
16,289,West Tripura ,1926,Tulashikhar,271919,Banbazar
16,289,West Tripura ,1926,Tulashikhar,271920,Asharambari
16,289,West Tripura ,1926,Tulashikhar,271921,Paschim Karangichhara
16,289,West Tripura ,1926,Tulashikhar,271922,Purba Karangichhara
16,289,West Tripura ,1926,Tulashikhar,271923,Sukhiabari
16,289,West Tripura ,1926,Tulashikhar,271924,Remachhara
16,289,West Tripura ,1926,Tulashikhar,271925,Purba Laxmichhara
16,289,West Tripura ,1926,Tulashikhar,271926,Paschim Laxmichhara
16,289,West Tripura ,1926,Tulashikhar,271927,Paschim Bachaibari
16,289,West Tripura ,1926,Tulashikhar,271928,Purba Bachaibari
16,289,West Tripura ,1926,Tulashikhar,271929,Paschim Champachhara
16,289,West Tripura ,1926,Tulashikhar,271930,Purba Champachhara
16,289,West Tripura ,1926,Tulashikhar,271931,Shikaribari
16,289,West Tripura ,1926,Tulashikhar,271932,Maidanbari
16,289,West Tripura ,1926,Tulashikhar,271933,Ramkrishnabari
16,289,West Tripura ,1926,Tulashikhar,271934,Purba Rajnagar
16,289,West Tripura ,1926,Tulashikhar,271935,Paschim Rajnagar
16,289,West Tripura ,1926,Tulashikhar,271936,Santinagar (Part)
16,289,West Tripura ,1926,Tulashikhar,271937,Badlabari
16,289,West Tripura ,1926,Tulashikhar,271938,Mainakbari
16,289,West Tripura ,1926,Tulashikhar,271939,Jagna Kobrabari (Part)
16,289,West Tripura ,1926,Tulashikhar,271940,Dakshin Promodenagar (Part)
16,289,West Tripura ,1927,Kalyanpur,0,Kalyanpur
16,289,West Tripura ,1927,Kalyanpur,271941,Dwarikapur (Part)
16,289,West Tripura ,1927,Kalyanpur,271942,Durgapur
16,289,West Tripura ,1927,Kalyanpur,271943,Dakshin Promodenagar (Part)
16,289,West Tripura ,1927,Kalyanpur,271944,Maharanipur (Part)
16,289,West Tripura ,1927,Kalyanpur,271945,Uttar Ghilatali
16,289,West Tripura ,1927,Kalyanpur,271946,Ramdayalbari (Part)
16,289,West Tripura ,1927,Kalyanpur,271947,Kunjaban
16,289,West Tripura ,1927,Kalyanpur,271948,Paschim Kalyanpur
16,289,West Tripura ,1927,Kalyanpur,271949,Madhya Kalyanpur
16,289,West Tripura ,1927,Kalyanpur,271950,Purba Kalyanpur
16,289,West Tripura ,1927,Kalyanpur,271951,Kamalnagar
16,289,West Tripura ,1927,Kalyanpur,271952,Ghilatali
16,289,West Tripura ,1927,Kalyanpur,271953,Dakshin Maharani (Part)
16,289,West Tripura ,1928,Teliamura,0,Teliamura
16,289,West Tripura ,1928,Teliamura,271954,Krishnapur (Part)
16,289,West Tripura ,1928,Teliamura,271955,Moharchhara
16,289,West Tripura ,1928,Teliamura,271956,Uttar Pulinpur
16,289,West Tripura ,1928,Teliamura,271957,Laxmipur (Part)
16,289,West Tripura ,1928,Teliamura,271958,Dakshin Pulinpur
16,289,West Tripura ,1928,Teliamura,271959,Tuichindrai
16,289,West Tripura ,1928,Teliamura,271960,Hawaibari
16,289,West Tripura ,1928,Teliamura,271961,Sardu Karkari
16,289,West Tripura ,1928,Teliamura,271962,Teliamura R.F. (Part)
16,289,West Tripura ,1928,Teliamura,271963,Brahmachhara
16,289,West Tripura ,1928,Teliamura,271964,Uttar Gakulnagar (Part)
16,289,West Tripura ,1928,Teliamura,271965,Dakshin Gakulnagar (Part)
16,289,West Tripura ,1928,Teliamura,271966,Teliamura (Part)
16,289,West Tripura ,1929,Mungiakumi ,0,Mungiakumi 
16,289,West Tripura ,1929,Mungiakumi ,271967,Uttar Promodenagar
16,289,West Tripura ,1929,Mungiakumi ,271968,Jagna Kobrabari (Part)
16,289,West Tripura ,1929,Mungiakumi ,271969,Tuichindraibari
16,289,West Tripura ,1929,Mungiakumi ,271970,Karaibari
16,289,West Tripura ,1929,Mungiakumi ,271971,Sriramkhara
16,289,West Tripura ,1929,Mungiakumi ,271972,Maharanipur (Part)
16,289,West Tripura ,1929,Mungiakumi ,271973,Dakshin Maharani (Part)
16,289,West Tripura ,1929,Mungiakumi ,271974,Ramkrishnapur
16,289,West Tripura ,1929,Mungiakumi ,271975,Laxmipur (Part)
16,289,West Tripura ,1929,Mungiakumi ,271976,Atharamura R.F.
16,289,West Tripura ,1929,Mungiakumi ,271977,Uttar Gakulnagar (Part)
16,289,West Tripura ,1929,Mungiakumi ,271978,Teliamura R.F. (Part)
16,289,West Tripura ,1929,Mungiakumi ,271979,Dakshin Gakulnagar (Part)
16,289,West Tripura ,1929,Mungiakumi ,271980,Nunachhara R.F.
16,289,West Tripura ,1930,Mandai,0,Mandai
16,289,West Tripura ,1930,Mandai,271981,Wakkinagar
16,289,West Tripura ,1930,Mandai,271982,Sibnagar
16,289,West Tripura ,1930,Mandai,271983,Ramchandranagar
16,289,West Tripura ,1930,Mandai,271984,Laxmipur (Part)
16,289,West Tripura ,1930,Mandai,271985,Dinabandhunagar
16,289,West Tripura ,1930,Mandai,271986,Paschim Barjalai
16,289,West Tripura ,1930,Mandai,271987,Kathirambari
16,289,West Tripura ,1930,Mandai,271988,Patnipara
16,289,West Tripura ,1930,Mandai,271989,Ashigarh
16,289,West Tripura ,1930,Mandai,271990,Khengrai
16,289,West Tripura ,1930,Mandai,271991,Harbhang
16,289,West Tripura ,1930,Mandai,271992,Dinakobrapara
16,289,West Tripura ,1930,Mandai,271993,Mandainagar
16,289,West Tripura ,1930,Mandai,271994,Purba Debendranagar (Part)
16,289,West Tripura ,1930,Mandai,271995,Bhrigudas para
16,289,West Tripura ,1930,Mandai,271996,Jamilengpara
16,289,West Tripura ,1930,Mandai,271997,Atuthangbari
16,289,West Tripura ,1931,Jirania,0,Jirania
16,289,West Tripura ,1931,Jirania,271998,Laxmipur (Part)
16,289,West Tripura ,1931,Jirania,271999,Mekhlipara
16,289,West Tripura ,1931,Jirania,272000,Tulakona
16,289,West Tripura ,1931,Jirania,272001,Purba Noagoan
16,289,West Tripura ,1931,Jirania,272002,Majlishpur (Part)
16,289,West Tripura ,1931,Jirania,272003,Purba Barjalai 
16,289,West Tripura ,1931,Jirania,272004,Joynagar
16,289,West Tripura ,1931,Jirania,272005,Purba Debendranagar (Part)
16,289,West Tripura ,1931,Jirania,272006,Jirania
16,289,West Tripura ,1931,Jirania,272007,Radhamohanpur
16,289,West Tripura ,1931,Jirania,272008,Radhapur
16,289,West Tripura ,1931,Jirania,272009,Janmejoynagar
16,289,West Tripura ,1931,Jirania,272010,Belbari
16,289,West Tripura ,1931,Jirania,272011,Champaknagar
16,289,West Tripura ,1931,Jirania,272012,Champabari
16,289,West Tripura ,1931,Jirania,272013,Radhakishorenagar (CT)
16,289,West Tripura ,1931,Jirania,272014,Briddhanagar (CT)
16,289,West Tripura ,1931,Jirania,272015,Uttar Champamura (CT)
16,289,West Tripura ,1931,Jirania,272016,Bankimnagar (CT)
16,289,West Tripura ,1932,Dukli,0,Dukli
16,289,West Tripura ,1932,Dukli,272017,Badharghat (Part)
16,289,West Tripura ,1932,Dukli,272018,Ishanchandranagar
16,289,West Tripura ,1932,Dukli,272019,Pandabpur
16,289,West Tripura ,1932,Dukli,272020,Bikramnagar
16,289,West Tripura ,1932,Dukli,272021,Kanchanmala
16,289,West Tripura ,1932,Dukli,272022,Srinagar
16,289,West Tripura ,1932,Dukli,272023,Charipara (CT)
16,289,West Tripura ,1932,Dukli,272024,Anandanagar (CT)
16,289,West Tripura ,1932,Dukli,272025,Dukli (CT)
16,289,West Tripura ,1932,Dukli,272026,Madhupur (CT)
16,289,West Tripura ,1932,Dukli,272027,Madhuban (CT)
16,289,West Tripura ,1933,Jampuijala,0,Jampuijala
16,289,West Tripura ,1933,Jampuijala,272028,Prabhapur
16,289,West Tripura ,1933,Jampuijala,272029,Mohanpur (Part)
16,289,West Tripura ,1933,Jampuijala,272030,Pekuarjala
16,289,West Tripura ,1933,Jampuijala,272031,Ratanpur
16,289,West Tripura ,1933,Jampuijala,272032,Bamnichhara
16,289,West Tripura ,1933,Jampuijala,272033,Shyamnagar
16,289,West Tripura ,1933,Jampuijala,272034,Paschim Takarjala
16,289,West Tripura ,1933,Jampuijala,272035,Purba Takarjala
16,289,West Tripura ,1933,Jampuijala,272036,Sangkumabari
16,289,West Tripura ,1933,Jampuijala,272037,Barmabari
16,289,West Tripura ,1933,Jampuijala,272038,Killabari
16,289,West Tripura ,1933,Jampuijala,272039,Kalaibari
16,289,West Tripura ,1933,Jampuijala,272040,Jampuijala
16,289,West Tripura ,1933,Jampuijala,272041,Kandraichhara
16,289,West Tripura ,1933,Jampuijala,272042,Ujan Ghaniamara
16,289,West Tripura ,1933,Jampuijala,272043,Madhya Ghaniamara
16,289,West Tripura ,1933,Jampuijala,272044,Hirapur
16,289,West Tripura ,1933,Jampuijala,272045,Amarendranagar
16,289,West Tripura ,1933,Jampuijala,272046,Ujan Pathalia
16,289,West Tripura ,1934,Bishalgarh,0,Bishalgarh
16,289,West Tripura ,1934,Bishalgarh,272047,Kamalasagar
16,289,West Tripura ,1934,Bishalgarh,272048,Debipur
16,289,West Tripura ,1934,Bishalgarh,272049,Radhanagar
16,289,West Tripura ,1934,Bishalgarh,272050,Konaban
16,289,West Tripura ,1934,Bishalgarh,272051,Madhupur
16,289,West Tripura ,1934,Bishalgarh,272052,Kaiyadhepa
16,289,West Tripura ,1934,Bishalgarh,272053,Nehalchandranagar
16,289,West Tripura ,1934,Bishalgarh,272054,Purathal Rajnagar
16,289,West Tripura ,1934,Bishalgarh,272055,Ghaniamara
16,289,West Tripura ,1934,Bishalgarh,272056,Bishalgarh (Part)
16,289,West Tripura ,1934,Bishalgarh,272057,Dakshin Champamura
16,289,West Tripura ,1934,Bishalgarh,272058,Laxmibil
16,289,West Tripura ,1934,Bishalgarh,272059,Gopinagar
16,289,West Tripura ,1934,Bishalgarh,272060,Golaghati
16,289,West Tripura ,1934,Bishalgarh,272061,Latiachhara
16,289,West Tripura ,1934,Bishalgarh,272062,Uttar Charilam
16,289,West Tripura ,1934,Bishalgarh,272063,Brajapur
16,289,West Tripura ,1934,Bishalgarh,272064,Krishna Kishorenagar
16,289,West Tripura ,1934,Bishalgarh,272065,Gajaria
16,289,West Tripura ,1934,Bishalgarh,272066,Bangshibari
16,289,West Tripura ,1934,Bishalgarh,272067,Rangapania
16,289,West Tripura ,1934,Bishalgarh,272068,Sutamura
16,289,West Tripura ,1934,Bishalgarh,272069,Dhariathal
16,289,West Tripura ,1934,Bishalgarh,272070,Ramnagar
16,289,West Tripura ,1934,Bishalgarh,272071,Rangmala
16,289,West Tripura ,1934,Bishalgarh,272072,Dakshin Charilam
16,289,West Tripura ,1934,Bishalgarh,272073,Baustali
16,289,West Tripura ,1934,Bishalgarh,272074,Padmanagar
16,289,West Tripura ,1934,Bishalgarh,272075,Amtali
16,289,West Tripura ,1934,Bishalgarh,272076,Barjala
16,289,West Tripura ,1934,Bishalgarh,272077,Promodenagar
16,289,West Tripura ,1934,Bishalgarh,272078,Pathaliaghat
16,289,West Tripura ,1934,Bishalgarh,272079,Madhya Pathalia
16,289,West Tripura ,1934,Bishalgarh,272080,Mohanpur (Part)
16,289,West Tripura ,1934,Bishalgarh,272081,Gakulnagar (CT)
16,289,West Tripura ,1935,Boxanagar,0,Boxanagar
16,289,West Tripura ,1935,Boxanagar,272082,Rahimpur
16,289,West Tripura ,1935,Boxanagar,272083,Putia
16,289,West Tripura ,1935,Boxanagar,272084,Bhaluarchar
16,289,West Tripura ,1935,Boxanagar,272085,Ashabari
16,289,West Tripura ,1935,Boxanagar,272086,Boxanagar
16,289,West Tripura ,1935,Boxanagar,272087,Kalsimura
16,289,West Tripura ,1935,Boxanagar,272088,Manikyanagar
16,289,West Tripura ,1935,Boxanagar,272089,Ghilatali
16,289,West Tripura ,1935,Boxanagar,272090,Jogatrampur
16,289,West Tripura ,1935,Boxanagar,272091,Kalamchaura
16,289,West Tripura ,1935,Boxanagar,272092,Anandapur
16,289,West Tripura ,1935,Boxanagar,272093,Kamalanagar
16,289,West Tripura ,1935,Boxanagar,272094,Bejoynagar
16,289,West Tripura ,1935,Boxanagar,272095,Dhanirampur
16,289,West Tripura ,1935,Boxanagar,272096,Matinagar
16,289,West Tripura ,1935,Boxanagar,272097,Kulubari
16,289,West Tripura ,1936,Melaghar,0,Melaghar
16,289,West Tripura ,1936,Melaghar,272098,Taksapara
16,289,West Tripura ,1936,Melaghar,272099,Choumohani
16,289,West Tripura ,1936,Melaghar,272100,Paschim Jumerdhepa
16,289,West Tripura ,1936,Melaghar,272101,Purba Jumerdhepa
16,289,West Tripura ,1936,Melaghar,272102,Bagabasa
16,289,West Tripura ,1936,Melaghar,272103,Purba Nalchar
16,289,West Tripura ,1936,Melaghar,272104,Paschim Nalchar
16,289,West Tripura ,1936,Melaghar,272105,Khaschoumohani
16,289,West Tripura ,1936,Melaghar,272106,Durlavnarayanpur
16,289,West Tripura ,1936,Melaghar,272107,Bardowal
16,289,West Tripura ,1936,Melaghar,272108,Khedabari (Part)
16,289,West Tripura ,1936,Melaghar,272109,Aralia (Part)
16,289,West Tripura ,1936,Melaghar,272110,Nabadwipchandranagar (Part)
16,289,West Tripura ,1936,Melaghar,272111,Bejimara (Part)
16,289,West Tripura ,1936,Melaghar,272112,Ghrantali
16,289,West Tripura ,1936,Melaghar,272113,Melaghar
16,289,West Tripura ,1936,Melaghar,272114,Rudijala
16,289,West Tripura ,1936,Melaghar,272115,Mohanbhug
16,289,West Tripura ,1936,Melaghar,272116,Kamarangatali
16,289,West Tripura ,1936,Melaghar,272117,Chandul
16,289,West Tripura ,1936,Melaghar,272118,Telkajla
16,289,West Tripura ,1936,Melaghar,272119,Barpathar
16,289,West Tripura ,1936,Melaghar,272120,Urmai
16,289,West Tripura ,1936,Melaghar,272121,Jharjharia
16,289,West Tripura ,1936,Melaghar,272122,Khedarbari
16,289,West Tripura ,1936,Melaghar,272123,Uttar Taibandul
16,289,West Tripura ,1936,Melaghar,272124,Dakshin Taibandul
16,289,West Tripura ,1936,Melaghar,272125,Gamaichhara
16,289,West Tripura ,1936,Melaghar,272126,Chandigarh (CT)
16,289,West Tripura ,1937,Kathalia,0,Kathalia
16,289,West Tripura ,1937,Kathalia,272127,Sobhapur (Part)
16,289,West Tripura ,1937,Kathalia,272128,Kalapania
16,289,West Tripura ,1937,Kathalia,272129,Manarchak
16,289,West Tripura ,1937,Kathalia,272130,Dhanpur
16,289,West Tripura ,1937,Kathalia,272131,Paharpur
16,289,West Tripura ,1937,Kathalia,272132,Birampur
16,289,West Tripura ,1937,Kathalia,272133,Nirbhoypur
16,289,West Tripura ,1937,Kathalia,272134,Maheshpur
16,289,West Tripura ,1937,Kathalia,272135,Kathalia
16,289,West Tripura ,1937,Kathalia,272136,Jagatrampur
16,289,West Tripura ,1937,Kathalia,272137,Birendranagar
16,289,West Tripura ,1937,Kathalia,272138,Manaipathar
16,289,West Tripura ,1937,Kathalia,272139,Himmatpur
16,289,West Tripura ,1937,Kathalia,272140,Kalikrishnanagar
16,289,West Tripura ,1937,Kathalia,272141,Nidaya
16,289,West Tripura ,1937,Kathalia,272142,Durlavpur
16,289,West Tripura ,1937,Kathalia,272143,Bhabanipur
16,289,West Tripura ,1937,Kathalia,272144,Bejimara (Part)
16,290,South Tripura ,0,South Tripura ,0,South Tripura 
16,290,South Tripura ,1938,Killa,0,Killa
16,290,South Tripura ,1938,Killa,272145,Bagma (Part)
16,290,South Tripura ,1938,Killa,272146,Kanchigang  R.F.
16,290,South Tripura ,1938,Killa,272147,Khupilong (Part)
16,290,South Tripura ,1938,Killa,272148,Thelakum
16,290,South Tripura ,1938,Killa,272149,Choygharia
16,290,South Tripura ,1938,Killa,272150,Uttar Baramura Deotamura R.F.
16,290,South Tripura ,1938,Killa,272151,Chaimaroa
16,290,South Tripura ,1938,Killa,272152,Uttar Brajendranagar
16,290,South Tripura ,1938,Killa,272153,Chharthai 
16,290,South Tripura ,1938,Killa,272154,Killa
16,290,South Tripura ,1938,Killa,272155,Raiabari
16,290,South Tripura ,1938,Killa,272156,Dakshin Brajendranagar (Part)
16,290,South Tripura ,1938,Killa,272157,Purba Brajendranagar
16,290,South Tripura ,1938,Killa,272158,Photamati (Part)
16,290,South Tripura ,1938,Killa,272159,Laxmipati (Part)
16,290,South Tripura ,1938,Killa,272160,Dakshin Baramura Deotamura R.F.(Part)
16,290,South Tripura ,1939,Amarpur,0,Amarpur
16,290,South Tripura ,1939,Amarpur,272161,Paschim Kalajari R.F. (Part)
16,290,South Tripura ,1939,Amarpur,272162,Purba Sarbang
16,290,South Tripura ,1939,Amarpur,272163,Paschim Sarbang
16,290,South Tripura ,1939,Amarpur,272164,Bampur
16,290,South Tripura ,1939,Amarpur,272165,Deb bari
16,290,South Tripura ,1939,Amarpur,272166,Rangamati
16,290,South Tripura ,1939,Amarpur,272167,Gungia
16,290,South Tripura ,1939,Amarpur,272168,Birganj
16,290,South Tripura ,1939,Amarpur,272169,Paschim Malbasa
16,290,South Tripura ,1939,Amarpur,272170,Purba Malbasa
16,290,South Tripura ,1939,Amarpur,272171,Paharpur
16,290,South Tripura ,1939,Amarpur,272172,Dalak
16,290,South Tripura ,1939,Amarpur,272173,Rangkang
16,290,South Tripura ,1939,Amarpur,272174,Rajkang
16,290,South Tripura ,1939,Amarpur,272175,Baramura Deotamura R.F. (Part)
16,290,South Tripura ,1939,Amarpur,272176,Tairbhuma
16,290,South Tripura ,1939,Amarpur,272177,Kurmachhara
16,290,South Tripura ,1939,Amarpur,272178,Paschim Daluma
16,290,South Tripura ,1939,Amarpur,272179,Purba Daluma
16,290,South Tripura ,1939,Amarpur,272180,Uttar Chalagang
16,290,South Tripura ,1939,Amarpur,272181,Nutanbazar
16,290,South Tripura ,1940,Ompi,0,Ompi
16,290,South Tripura ,1940,Ompi,272182,Palkuchhara
16,290,South Tripura ,1940,Ompi,272183,Uttar Taidu
16,290,South Tripura ,1940,Ompi,272184,JambukChhara
16,290,South Tripura ,1940,Ompi,272185,Purba Taichhlong
16,290,South Tripura ,1940,Ompi,272186,Paschim Taichhlong
16,290,South Tripura ,1940,Ompi,272187,Dakshin Taidu
16,290,South Tripura ,1940,Ompi,272188,Taidudepha
16,290,South Tripura ,1940,Ompi,272189,Dhanlekha
16,290,South Tripura ,1940,Ompi,272190,Baisyamanipara
16,290,South Tripura ,1940,Ompi,272191,Ampinagar
16,290,South Tripura ,1940,Ompi,272192,Haripur
16,290,South Tripura ,1940,Ompi,272193,Ampichhara
16,290,South Tripura ,1940,Ompi,272194,Gamaichhara
16,290,South Tripura ,1940,Ompi,272195,Melchhi
16,290,South Tripura ,1940,Ompi,272196,Uttar Chhangong
16,290,South Tripura ,1940,Ompi,272197,Chenchua
16,290,South Tripura ,1940,Ompi,272198,Ek-janchhara
16,290,South Tripura ,1940,Ompi,272199,Sonachhara
16,290,South Tripura ,1940,Ompi,272200,Dakshin Chhangong
16,290,South Tripura ,1940,Ompi,272201,Kamlaipara
16,290,South Tripura ,1941,Matarbari,0,Matarbari
16,290,South Tripura ,1941,Matarbari,272202,Bagma (Part)
16,290,South Tripura ,1941,Matarbari,272203,Khupilong (Part)
16,290,South Tripura ,1941,Matarbari,272204,Barabhaiya
16,290,South Tripura ,1941,Matarbari,272205,Karaiyamura
16,290,South Tripura ,1941,Matarbari,272206,Bagabasa
16,290,South Tripura ,1941,Matarbari,272207,Radhakishorepur R.F.
16,290,South Tripura ,1941,Matarbari,272208,Salgarha
16,290,South Tripura ,1941,Matarbari,272209,Tepania
16,290,South Tripura ,1941,Matarbari,272210,Chhataria
16,290,South Tripura ,1941,Matarbari,272211,Rajnagar
16,290,South Tripura ,1941,Matarbari,272212,Pitra
16,290,South Tripura ,1941,Matarbari,272213,Dakshin Brajendranagar (Part)
16,290,South Tripura ,1941,Matarbari,272214,Photamati (Part)
16,290,South Tripura ,1941,Matarbari,272215,Laxmipati (Part)
16,290,South Tripura ,1941,Matarbari,272216,Uttar Maharani
16,290,South Tripura ,1941,Matarbari,272217,Hirapur
16,290,South Tripura ,1941,Matarbari,272218,Khilpara
16,290,South Tripura ,1941,Matarbari,272219,Uttar Chandrapur
16,290,South Tripura ,1941,Matarbari,272220,Dakshin Chandrapur
16,290,South Tripura ,1941,Matarbari,272221,Murapara (Part)
16,290,South Tripura ,1941,Matarbari,272222,Paschim Magpushkarini
16,290,South Tripura ,1941,Matarbari,272223,Garji  R.F. (Part)
16,290,South Tripura ,1941,Matarbari,272224,Garjichhara
16,290,South Tripura ,1941,Matarbari,272225,Purba Magpushkarini
16,290,South Tripura ,1941,Matarbari,272226,Chandrapur R.F.
16,290,South Tripura ,1941,Matarbari,272227,Dakshin Maharani
16,290,South Tripura ,1941,Matarbari,272228,Gandhari
16,290,South Tripura ,1941,Matarbari,272229,Dakshin Baramura Debtamura R.F (Part)
16,290,South Tripura ,1941,Matarbari,272230,Taiharchum
16,290,South Tripura ,1941,Matarbari,272231,Baishabari
16,290,South Tripura ,1941,Matarbari,272232,Chapiapara
16,290,South Tripura ,1941,Matarbari,272233,Dhwajnagar (CT)
16,290,South Tripura ,1941,Matarbari,272234,Gakulpur (CT)
16,290,South Tripura ,1941,Matarbari,272235,Fulkumari (Part) (CT)
16,290,South Tripura ,1941,Matarbari,272236,Matarbari (CT)
16,290,South Tripura ,1942,Kakraban,0,Kakraban
16,290,South Tripura ,1942,Kakraban,272237,Silghati
16,290,South Tripura ,1942,Kakraban,272238,Garjanmura
16,290,South Tripura ,1942,Kakraban,272239,Amtali
16,290,South Tripura ,1942,Kakraban,272240,Hadra
16,290,South Tripura ,1942,Kakraban,272241,Palatana
16,290,South Tripura ,1942,Kakraban,272242,Jamjuri
16,290,South Tripura ,1942,Kakraban,272243,Rajdharnagar
16,290,South Tripura ,1942,Kakraban,272244,Murapara (Part)
16,290,South Tripura ,1942,Kakraban,272245,Dudhpushkarini
16,290,South Tripura ,1942,Kakraban,272246,Kakraban
16,290,South Tripura ,1942,Kakraban,272247,Hurijala
16,290,South Tripura ,1942,Kakraban,272248,Gangachhara
16,290,South Tripura ,1942,Kakraban,272249,Upendranagar
16,290,South Tripura ,1942,Kakraban,272250,Rani
16,290,South Tripura ,1942,Kakraban,272251,Balurpathar
16,290,South Tripura ,1942,Kakraban,272252,Samukchhara
16,290,South Tripura ,1942,Kakraban,272253,Jitendranagar
16,290,South Tripura ,1942,Kakraban,272254,Dhuptali
16,290,South Tripura ,1942,Kakraban,272255,Garji R.F. (Part)
16,290,South Tripura ,1943,Rajnagar,0,Rajnagar
16,290,South Tripura ,1943,Rajnagar,272256,Rangamura
16,290,South Tripura ,1943,Rajnagar,272257,Uttar Krishnapur
16,290,South Tripura ,1943,Rajnagar,272258,Dakshin Krishnapur
16,290,South Tripura ,1943,Rajnagar,272259,Radhanagar
16,290,South Tripura ,1943,Rajnagar,272260,Paschim Anandapur
16,290,South Tripura ,1943,Rajnagar,272261,Siddhinagar
16,290,South Tripura ,1943,Rajnagar,272262,Bhairabnagar
16,290,South Tripura ,1943,Rajnagar,272263,Tebaria
16,290,South Tripura ,1943,Rajnagar,272264,Baraiya
16,290,South Tripura ,1943,Rajnagar,272265,Dakshin Srirampur
16,290,South Tripura ,1943,Rajnagar,272266,Uttar Srirampur
16,290,South Tripura ,1943,Rajnagar,272267,Kamalpur
16,290,South Tripura ,1943,Rajnagar,272268,Purba Anandapur
16,290,South Tripura ,1943,Rajnagar,272269,Bardos
16,290,South Tripura ,1943,Rajnagar,272270,Prakashnagar
16,290,South Tripura ,1943,Rajnagar,272271,Trishna R.F.
16,290,South Tripura ,1943,Rajnagar,272272,Rajnagar
16,290,South Tripura ,1943,Rajnagar,272273,Joychandrapur
16,290,South Tripura ,1943,Rajnagar,272274,Barapathari
16,290,South Tripura ,1943,Rajnagar,272275,Paschim Peporiakhola
16,290,South Tripura ,1943,Rajnagar,272276,Purba Peporiakhola
16,290,South Tripura ,1943,Rajnagar,272277,Kashari R.F.
16,290,South Tripura ,1943,Rajnagar,272278,Paikhola
16,290,South Tripura ,1943,Rajnagar,272279,Chittamara
16,290,South Tripura ,1943,Rajnagar,272280,Uttar Bharatchandranagar
16,290,South Tripura ,1943,Rajnagar,272281,Laxmipur
16,290,South Tripura ,1943,Rajnagar,272282,Ishanchandranagar
16,290,South Tripura ,1943,Rajnagar,272283,Dakshin Bharatchandranagar
16,290,South Tripura ,1943,Rajnagar,272284,Madhya Bharatchandranagar
16,290,South Tripura ,1943,Rajnagar,272285,Kalabaria
16,290,South Tripura ,1944,Hrishyamukh,0,Hrishyamukh
16,290,South Tripura ,1944,Hrishyamukh,272286,Sarasima (Part)
16,290,South Tripura ,1944,Hrishyamukh,272287,Uttar Sonaichhari 
16,290,South Tripura ,1944,Hrishyamukh,272288,Ratanpur
16,290,South Tripura ,1944,Hrishyamukh,272289,Tekka Tulshi R.F.
16,290,South Tripura ,1944,Hrishyamukh,272290,Manirampur
16,290,South Tripura ,1944,Hrishyamukh,272291,Shibpur
16,290,South Tripura ,1944,Hrishyamukh,272292,Tuigamari
16,290,South Tripura ,1944,Hrishyamukh,272293,Dakshin Sonaichhari
16,290,South Tripura ,1944,Hrishyamukh,272294,Bashpadua (Part)
16,290,South Tripura ,1944,Hrishyamukh,272295,Matai
16,290,South Tripura ,1944,Hrishyamukh,272296,Champaknagar
16,290,South Tripura ,1944,Hrishyamukh,272297,Debipur
16,290,South Tripura ,1944,Hrishyamukh,272298,Hrishyamukh
16,290,South Tripura ,1944,Hrishyamukh,272299,Haripur
16,290,South Tripura ,1944,Hrishyamukh,272300,Krishnanagar
16,290,South Tripura ,1944,Hrishyamukh,272301,Abhaynagar
16,290,South Tripura ,1944,Hrishyamukh,272302,Tekka R.F.(Part)
16,290,South Tripura ,1945,Bokafa ,0,Bokafa 
16,290,South Tripura ,1945,Bokafa ,272303,Purba Patichhari
16,290,South Tripura ,1945,Bokafa ,272304,Uttar Takmachhara
16,290,South Tripura ,1945,Bokafa ,272305,Dakshin Takmachhara
16,290,South Tripura ,1945,Bokafa ,272306,Uttar Debipur
16,290,South Tripura ,1945,Bokafa ,272307,Purba Kathalia
16,290,South Tripura ,1945,Bokafa ,272308,Purba Manu
16,290,South Tripura ,1945,Bokafa ,272309,Birchandranagar
16,290,South Tripura ,1945,Bokafa ,272310,Paschim Patichhari
16,290,South Tripura ,1945,Bokafa ,272311,Rajapur
16,290,South Tripura ,1945,Bokafa ,272312,Paschim Manu
16,290,South Tripura ,1945,Bokafa ,272313,Paschim Kathalia (Part)
16,290,South Tripura ,1945,Bokafa ,272314,Bagafa (Part)
16,290,South Tripura ,1945,Bokafa ,272315,Santirbazar (Part)
16,290,South Tripura ,1945,Bokafa ,272316,Gardang
16,290,South Tripura ,1945,Bokafa ,272317,Chhaigharia
16,290,South Tripura ,1945,Bokafa ,272318,Laogang (Part)
16,290,South Tripura ,1945,Bokafa ,272319,Radhakishore Ganj (Part)
16,290,South Tripura ,1945,Bokafa ,272320,Kalalaogang
16,290,South Tripura ,1945,Bokafa ,272321,Raibari
16,290,South Tripura ,1945,Bokafa ,272322,Laxmichhara
16,290,South Tripura ,1945,Bokafa ,272323,Baikhora
16,290,South Tripura ,1945,Bokafa ,272324,Paschim Charakbai
16,290,South Tripura ,1945,Bokafa ,272325,Purba Charakbai
16,290,South Tripura ,1945,Bokafa ,272326,Muhuripur R.F.
16,290,South Tripura ,1945,Bokafa ,272327,Kalasi
16,290,South Tripura ,1945,Bokafa ,272328,Uttar Barapathary
16,290,South Tripura ,1945,Bokafa ,272329,Dakshin Barapathary
16,290,South Tripura ,1945,Bokafa ,272330,Birendranagar
16,290,South Tripura ,1945,Bokafa ,272331,Uttar Hichachhara
16,290,South Tripura ,1945,Bokafa ,272332,Jolaibari
16,290,South Tripura ,1945,Bokafa ,272333,Purba Muhuripur
16,290,South Tripura ,1945,Bokafa ,272334,Paschim Muhuripur
16,290,South Tripura ,1945,Bokafa ,272335,Paschim Pillak
16,290,South Tripura ,1945,Bokafa ,272336,Dakshin Hichachhara
16,290,South Tripura ,1945,Bokafa ,272337,Madhya Pillak
16,290,South Tripura ,1945,Bokafa ,272338,Abhangachhara
16,290,South Tripura ,1945,Bokafa ,272339,Purba Pillak
16,290,South Tripura ,1945,Bokafa ,272340,Tairumachhara
16,290,South Tripura ,1945,Bokafa ,272341,Baramura Deotamura R.F.
16,290,South Tripura ,1946,Karbuk,0,Karbuk
16,290,South Tripura ,1946,Karbuk,272342,Baramura Deotamura R.F. (Part)
16,290,South Tripura ,1946,Karbuk,272343,Laogang
16,290,South Tripura ,1946,Karbuk,272344,Dakshin Chalagang
16,290,South Tripura ,1946,Karbuk,272345,Paschim Ekchhari
16,290,South Tripura ,1946,Karbuk,272346,Uttar Ekchhari
16,290,South Tripura ,1946,Karbuk,272347,Rambhadra
16,290,South Tripura ,1946,Karbuk,272348,Jarimura
16,290,South Tripura ,1946,Karbuk,272349,Mukchhari
16,290,South Tripura ,1946,Karbuk,272350,Chakpur
16,290,South Tripura ,1946,Karbuk,272351,Paschim Kalajari R.F. (Part)
16,290,South Tripura ,1946,Karbuk,272352,Purba Manikya Dewan
16,290,South Tripura ,1946,Karbuk,272353,Paschim Manikya Dewan
16,290,South Tripura ,1946,Karbuk,272354,Dakshin Ekchhari
16,290,South Tripura ,1946,Karbuk,272355,Paschim Karbuk
16,290,South Tripura ,1946,Karbuk,272356,Purba Karbuk
16,290,South Tripura ,1946,Karbuk,272357,Dakshin Karbuk
16,290,South Tripura ,1946,Karbuk,272358,Ichhachhari
16,290,South Tripura ,1946,Karbuk,272359,Patichhari
16,290,South Tripura ,1946,Karbuk,272360,Lebachhara (CT)
16,290,South Tripura ,1947,Rupaichhari,0,Rupaichhari
16,290,South Tripura ,1947,Rupaichhari,272361,Chalita Bankul
16,290,South Tripura ,1947,Rupaichhari,272362,Uttar Taichhama
16,290,South Tripura ,1947,Rupaichhari,272363,Bagmara
16,290,South Tripura ,1947,Rupaichhari,272364,Baramura Deotamura R.F.
16,290,South Tripura ,1947,Rupaichhari,272365,Barabil
16,290,South Tripura ,1947,Rupaichhari,272366,Silachari
16,290,South Tripura ,1947,Rupaichhari,272367,Suknachari
16,290,South Tripura ,1947,Rupaichhari,272368,Gorakapa
16,290,South Tripura ,1947,Rupaichhari,272369,Desharampara
16,290,South Tripura ,1947,Rupaichhari,272370,Bishnupur
16,290,South Tripura ,1947,Rupaichhari,272371,Uttar Bejoypur
16,290,South Tripura ,1947,Rupaichhari,272372,Uttar Manu Bankul
16,290,South Tripura ,1947,Rupaichhari,272373,Dakshin Manu Bankul
16,290,South Tripura ,1947,Rupaichhari,272374,Kathalchhari
16,290,South Tripura ,1947,Rupaichhari,272375,Gaurifa
16,290,South Tripura ,1947,Rupaichhari,272376,Rupaichhari
16,290,South Tripura ,1947,Rupaichhari,272377,Sonaichhari
16,290,South Tripura ,1947,Rupaichhari,272378,Chatakchhari
16,290,South Tripura ,1947,Rupaichhari,272379,Paschim Ludhua
16,290,South Tripura ,1947,Rupaichhari,272380,Purba Ludhua
16,290,South Tripura ,1947,Rupaichhari,272381,Dakshin Bejoypur
16,290,South Tripura ,1947,Rupaichhari,272382,Aliamara
16,290,South Tripura ,1947,Rupaichhari,272383,Baishnabpur
16,290,South Tripura ,1947,Rupaichhari,272384,Dakshin Sabroom
16,290,South Tripura ,1947,Rupaichhari,272385,Purba Sabroom
16,290,South Tripura ,1947,Rupaichhari,272386,Rajdharpur
16,290,South Tripura ,1947,Rupaichhari,272387,Bagachatal
16,290,South Tripura ,1947,Rupaichhari,272388,Kaptali
16,290,South Tripura ,1947,Rupaichhari,272389,Magrum
16,290,South Tripura ,1948,Satchand,0,Satchand
16,290,South Tripura ,1948,Satchand,272390,Gaganchandra Para
16,290,South Tripura ,1948,Satchand,272391,Gardhang
16,290,South Tripura ,1948,Satchand,272392,Sakhbari
16,290,South Tripura ,1948,Satchand,272393,Taikumbachhara
16,290,South Tripura ,1948,Satchand,272394,Dakshin Taichhama
16,290,South Tripura ,1948,Satchand,272395,Uttar Kalapania
16,290,South Tripura ,1948,Satchand,272396,Sindukpathar
16,290,South Tripura ,1948,Satchand,272397,Dakshin Kalapania
16,290,South Tripura ,1948,Satchand,272398,Bhuratali
16,290,South Tripura ,1948,Satchand,272399,Fulchhari
16,290,South Tripura ,1948,Satchand,272400,Tekka R.F. (Part)
16,290,South Tripura ,1948,Satchand,272401,Manubazar
16,290,South Tripura ,1948,Satchand,272402,Magurchhara
16,290,South Tripura ,1948,Satchand,272403,Goachand
16,290,South Tripura ,1948,Satchand,272404,Chalitachhara
16,290,South Tripura ,1948,Satchand,272405,Harina
16,290,South Tripura ,1948,Satchand,272406,Betaga R.F.
16,290,South Tripura ,1948,Satchand,272407,Tekka Tulsi R.F.
16,290,South Tripura ,1948,Satchand,272408,Madhabnagar
16,290,South Tripura ,1948,Satchand,272409,Rajnagar
16,290,South Tripura ,1948,Satchand,272410,Krishnanagar
16,290,South Tripura ,1948,Satchand,272411,Srinagar
16,290,South Tripura ,1948,Satchand,272412,Amlighat
16,290,South Tripura ,1948,Satchand,272413,Harbatali
16,290,South Tripura ,1948,Satchand,272414,Brajendranagar
16,290,South Tripura ,1948,Satchand,272415,Bijoynagar
16,290,South Tripura ,1948,Satchand,272416,Doulbari (Part)
16,290,South Tripura ,1948,Satchand,272417,Paschim Jalefa (Part)
16,290,South Tripura ,1948,Satchand,272418,Purba Jalefa (Part)
16,290,South Tripura ,1948,Satchand,272419,Paschim Sabroom (Part)
16,291,Dhalai,0,Dhalai,0,Dhalai
16,291,Dhalai,1949,Salema,0,Salema
16,291,Dhalai,1949,Salema,272420,Uttar Bilashchhara
16,291,Dhalai,1949,Salema,272421,Dakshin Bilashchhara
16,291,Dhalai,1949,Salema,272422,Noagaon (Part)
16,291,Dhalai,1949,Salema,272423,Ganganagar (Part)
16,291,Dhalai,1949,Salema,272424,Mohanpur
16,291,Dhalai,1949,Salema,272425,Marachhara
16,291,Dhalai,1949,Salema,272426,Barasurma
16,291,Dhalai,1949,Salema,272427,Halhuli (Halahali - 1991 Census)
16,291,Dhalai,1949,Salema,272428,Panchasi
16,291,Dhalai,1949,Salema,272429,Harerkhola (Part)
16,291,Dhalai,1949,Salema,272430,Mayachhari
16,291,Dhalai,1949,Salema,272431,Bishnupur
16,291,Dhalai,1949,Salema,272432,Lambuchhara
16,291,Dhalai,1949,Salema,272433,Mothirmia
16,291,Dhalai,1949,Salema,272434,Darang Tilla
16,291,Dhalai,1949,Salema,272435,Kuchainala
16,291,Dhalai,1949,Salema,272436,Chotasurma
16,291,Dhalai,1949,Salema,272437,Chhetrai
16,291,Dhalai,1949,Salema,272438,Longtarai R.F.
16,291,Dhalai,1949,Salema,272439,Bamanchhara
16,291,Dhalai,1949,Salema,272440,Chulubari
16,291,Dhalai,1949,Salema,272441,Manik Bhandar
16,291,Dhalai,1949,Salema,272442,Srirampur
16,291,Dhalai,1949,Salema,272443,Duraichhara
16,291,Dhalai,1949,Salema,272444,Halahali
16,291,Dhalai,1949,Salema,272445,Mahabir
16,291,Dhalai,1949,Salema,272446,Chankap
16,291,Dhalai,1949,Salema,272447,Debichhara
16,291,Dhalai,1949,Salema,272448,Baralutma
16,291,Dhalai,1949,Salema,272449,Nakful
16,291,Dhalai,1949,Salema,272450,Apareshkar
16,291,Dhalai,1949,Salema,272451,Panbua
16,291,Dhalai,1949,Salema,272452,Katalutma
16,291,Dhalai,1949,Salema,272453,Abhanga
16,291,Dhalai,1949,Salema,272454,Jamthumbari
16,291,Dhalai,1949,Salema,272455,Simbuchak
16,291,Dhalai,1949,Salema,272456,Michhuria
16,291,Dhalai,1949,Salema,272457,Maharani
16,291,Dhalai,1949,Salema,272458,Mendi
16,291,Dhalai,1949,Salema,272459,Paschim Daluchhara
16,291,Dhalai,1949,Salema,272460,Purba Daluchhara
16,291,Dhalai,1949,Salema,272461,Salema
16,291,Dhalai,1949,Salema,272462,Dab bari
16,291,Dhalai,1949,Salema,272463,Kachuchhara
16,291,Dhalai,1949,Salema,272464,Latiachhara
16,291,Dhalai,1949,Salema,272465,Kalachhari (CT)
16,291,Dhalai,1950,Manu,0,Manu
16,291,Dhalai,1950,Manu,272466,Kathalchhara
16,291,Dhalai,1950,Manu,272467,Demchhara
16,291,Dhalai,1950,Manu,272468,Karatichhara
16,291,Dhalai,1950,Manu,272469,Nalkata
16,291,Dhalai,1950,Manu,272470,Kanchanchhara
16,291,Dhalai,1950,Manu,272471,Ultachhara
16,291,Dhalai,1950,Manu,272472,Deo Reserve Forest (Part)
16,291,Dhalai,1950,Manu,272473,Purba Karamchhara
16,291,Dhalai,1950,Manu,272474,Paschim Karamchhara
16,291,Dhalai,1950,Manu,272475,Paschim Masli
16,291,Dhalai,1950,Manu,272476,Uttar Dhumachhara
16,291,Dhalai,1950,Manu,272477,Dakshin Dhumachhara
16,291,Dhalai,1950,Manu,272478,Purba Masli
16,291,Dhalai,1950,Manu,272479,Jarulchhara
16,291,Dhalai,1950,Manu,272480,Mainama
16,291,Dhalai,1950,Manu,272481,Jamirchhara
16,291,Dhalai,1950,Manu,272482,Longtarai R.F.
16,291,Dhalai,1950,Manu,272483,Gainarma
16,291,Dhalai,1950,Manu,272484,Chailengta
16,291,Dhalai,1950,Manu,272485,Ghagrachhara
16,291,Dhalai,1950,Manu,272486,Lalchhara
16,291,Dhalai,1950,Manu,272487,Manu Chhailengta R.F.(Part)
16,291,Dhalai,1950,Manu,272488,Manu (CT)
16,291,Dhalai,1951,Ambassa,0,Ambassa
16,291,Dhalai,1951,Ambassa,272489,Paschim Nalichhara
16,291,Dhalai,1951,Ambassa,272490,Purba Nalichhara
16,291,Dhalai,1951,Ambassa,272491,Balaram
16,291,Dhalai,1951,Ambassa,272492,Bagmara
16,291,Dhalai,1951,Ambassa,272493,Lalchhari
16,291,Dhalai,1951,Ambassa,272494,Kulai
16,291,Dhalai,1951,Ambassa,272495,Kamalachhara
16,291,Dhalai,1951,Ambassa,272496,Kanchanpur (Part)
16,291,Dhalai,1951,Ambassa,272497,Raipasa
16,291,Dhalai,1951,Ambassa,272498,Jagannathpur
16,291,Dhalai,1951,Ambassa,272499,Auliraipara
16,291,Dhalai,1951,Ambassa,272500,Kathalbari
16,291,Dhalai,1951,Ambassa,272501,Sikaribari
16,291,Dhalai,1951,Ambassa,272502,Gurudhanpara
16,291,Dhalai,1951,Ambassa,272503,Harimangalpara
16,291,Dhalai,1951,Ambassa,272504,Kulai R.F.
16,291,Dhalai,1951,Ambassa,272505,Kulai  R.F. (Extn.)
16,291,Dhalai,1951,Ambassa,272506,Karmapara
16,291,Dhalai,1951,Ambassa,272507,Ulemchhara
16,291,Dhalai,1951,Ambassa,272508,Karnamanipara
16,291,Dhalai,1951,Ambassa,272509,Lalchhara
16,291,Dhalai,1951,Ambassa,272510,Baluchhara
16,291,Dhalai,1951,Ambassa,272511,Chakmapara
16,291,Dhalai,1951,Ambassa,272512,Tetaiya
16,291,Dhalai,1951,Ambassa,272513,Khamupara
16,291,Dhalai,1951,Ambassa,272514,Khowaipara
16,291,Dhalai,1951,Ambassa,272515,Ganganagar
16,291,Dhalai,1951,Ambassa,272516,Batabari
16,291,Dhalai,1951,Ambassa,272517,Pustaraipara
16,291,Dhalai,1951,Ambassa,272518,Sardinkhapara
16,291,Dhalai,1951,Ambassa,272519,Radharambari
16,291,Dhalai,1951,Ambassa,272520,Gangaprasadpara
16,291,Dhalai,1951,Ambassa,272521,Dangamapara
16,291,Dhalai,1951,Ambassa,272522,Satbhaiyapara
16,291,Dhalai,1951,Ambassa,272523,Siddhapara
16,291,Dhalai,1952,Chhamanu,0,Chhamanu
16,291,Dhalai,1952,Chhamanu,272524,Joychandra Para
16,291,Dhalai,1952,Chhamanu,272525,Sonapur
16,291,Dhalai,1952,Chhamanu,272526,Durgachhara
16,291,Dhalai,1952,Chhamanu,272527,Sadhujan Para
16,291,Dhalai,1952,Chhamanu,272528,Uttar Longtarai
16,291,Dhalai,1952,Chhamanu,272529,Dakshin Longtarai
16,291,Dhalai,1952,Chhamanu,272530,Paschim Chhamanu
16,291,Dhalai,1952,Chhamanu,272531,Makarchhara
16,291,Dhalai,1952,Chhamanu,272532,Manu Chhailengta R.F. (Part)
16,291,Dhalai,1952,Chhamanu,272533,Manikpur
16,291,Dhalai,1952,Chhamanu,272534,Purba Chhamanu
16,291,Dhalai,1952,Chhamanu,272535,Debchhara
16,291,Dhalai,1952,Chhamanu,272536,Central Catchment R.F.
16,291,Dhalai,1953,Dumburnagar,0,Dumburnagar
16,291,Dhalai,1953,Dumburnagar,272537,Jagabandhupara
16,291,Dhalai,1953,Dumburnagar,272538,Barabari
16,291,Dhalai,1953,Dumburnagar,272539,Jinaraipara
16,291,Dhalai,1953,Dumburnagar,272540,Bhagirath Para
16,291,Dhalai,1953,Dumburnagar,272541,Sipasingh
16,291,Dhalai,1953,Dumburnagar,272542,Malyansingh
16,291,Dhalai,1953,Dumburnagar,272543,Dalapatipara
16,291,Dhalai,1953,Dumburnagar,272544,Purba Gandachhara
16,291,Dhalai,1953,Dumburnagar,272545,Ultachhara
16,291,Dhalai,1953,Dumburnagar,272546,Paschim Gandachhara
16,291,Dhalai,1953,Dumburnagar,272547,Chitrajhari
16,291,Dhalai,1953,Dumburnagar,272548,Laxmipur
16,291,Dhalai,1953,Dumburnagar,272549,Dhalajhari
16,291,Dhalai,1953,Dumburnagar,272550,Bulongbasa
16,291,Dhalai,1953,Dumburnagar,272551,Sarma
16,291,Dhalai,1953,Dumburnagar,272552,Uttaraipara
16,291,Dhalai,1953,Dumburnagar,272553,Birchandranagar
16,291,Dhalai,1953,Dumburnagar,272554,Paschim Kalyansingh
16,291,Dhalai,1953,Dumburnagar,272555,Purba Kalyansingh
16,291,Dhalai,1953,Dumburnagar,272556,Joyrampur
16,291,Dhalai,1953,Dumburnagar,272557,Sardong
16,291,Dhalai,1953,Dumburnagar,272558,Ratan Nagar
16,291,Dhalai,1953,Dumburnagar,272559,Tuichama
16,291,Dhalai,1953,Dumburnagar,272560,Thakurchhara
16,291,Dhalai,1953,Dumburnagar,272561,Ranipukur
16,291,Dhalai,1953,Dumburnagar,272562,Ramnagar
16,291,Dhalai,1953,Dumburnagar,272563,Purba Kalajhari R.F
16,291,Dhalai,1953,Dumburnagar,272564,Khederkot
16,291,Dhalai,1953,Dumburnagar,272565,Kamalakhal
16,291,Dhalai,1953,Dumburnagar,272566,Kamalasram
16,291,Dhalai,1953,Dumburnagar,272567,Paschim Raima
16,291,Dhalai,1953,Dumburnagar,272568,Purba Raima
16,291,Dhalai,1953,Dumburnagar,272569,Boalkhali
16,291,Dhalai,1953,Dumburnagar,272570,Sukraichhara
16,291,Dhalai,1953,Dumburnagar,272571,Jarulchhara
16,291,Dhalai,1953,Dumburnagar,272572,Purba Potachhara
16,291,Dhalai,1953,Dumburnagar,272573,Paschim Potachhara
16,292,North Tripura,0,North Tripura,0,North Tripura
16,292,North Tripura,1954,Gournagar,0,Gournagar
16,292,North Tripura,1954,Gournagar,272574,Latiapur
16,292,North Tripura,1954,Gournagar,272575,Rangauti
16,292,North Tripura,1954,Gournagar,272576,Khowrabil
16,292,North Tripura,1954,Gournagar,272577,Irani
16,292,North Tripura,1954,Gournagar,272578,Hirachhara
16,292,North Tripura,1954,Gournagar,272579,Dhaliarkandi
16,292,North Tripura,1954,Gournagar,272580,Tilagaon
16,292,North Tripura,1954,Gournagar,272581,Laxmipur
16,292,North Tripura,1954,Gournagar,272582,Kanakpur
16,292,North Tripura,1954,Gournagar,272583,Jubarajnagar
16,292,North Tripura,1954,Gournagar,272584,Srinathpur
16,292,North Tripura,1954,Gournagar,272585,Ichabpur
16,292,North Tripura,1954,Gournagar,272586,Deorachhara
16,292,North Tripura,1954,Gournagar,272587,Debasthal
16,292,North Tripura,1954,Gournagar,272588,Pakhirbada
16,292,North Tripura,1954,Gournagar,272589,Guldharpur
16,292,North Tripura,1954,Gournagar,272590,Gournagar
16,292,North Tripura,1954,Gournagar,272591,Kamarangabari
16,292,North Tripura,1954,Gournagar,272592,Chhantail
16,292,North Tripura,1954,Gournagar,272593,Srirampur
16,292,North Tripura,1954,Gournagar,272594,Chandipur
16,292,North Tripura,1954,Gournagar,272595,Samrurpar
16,292,North Tripura,1954,Gournagar,272596,Murtichhara
16,292,North Tripura,1954,Gournagar,272597,Manu Valley
16,292,North Tripura,1954,Gournagar,272598,Rangrung
16,292,North Tripura,1954,Gournagar,272599,Halaichhara
16,292,North Tripura,1954,Gournagar,272600,Golakpur
16,292,North Tripura,1954,Gournagar,272601,Samaruhala R.F.
16,292,North Tripura,1954,Gournagar,272602,Dhanbilash
16,292,North Tripura,1954,Gournagar,272603,Fultali
16,292,North Tripura,1954,Gournagar,272604,Jarultali
16,292,North Tripura,1954,Gournagar,272605,Birchandranagar
16,292,North Tripura,1954,Gournagar,272606,Bilashpur
16,292,North Tripura,1954,Gournagar,272607,Kaulikura
16,292,North Tripura,1954,Gournagar,272608,Bhagaban Nagar
16,292,North Tripura,1954,Gournagar,272609,Sonamukhi
16,292,North Tripura,1954,Gournagar,272610,Jalai
16,292,North Tripura,1954,Gournagar,272611,Dhatuchhara
16,292,North Tripura,1954,Gournagar,272612,Uttar Unakuti R.F.
16,292,North Tripura,1955,Kadamtala,0,Kadamtala
16,292,North Tripura,1955,Kadamtala,272613,Satsangam
16,292,North Tripura,1955,Kadamtala,272614,Ranibari
16,292,North Tripura,1955,Kadamtala,272615,Brajendranagar
16,292,North Tripura,1955,Kadamtala,272616,Piarachhara
16,292,North Tripura,1955,Kadamtala,272617,Kurti
16,292,North Tripura,1955,Kadamtala,272618,Sarala
16,292,North Tripura,1955,Kadamtala,272619,Maheshpur
16,292,North Tripura,1955,Kadamtala,272620,Saraspur
16,292,North Tripura,1955,Kadamtala,272621,Kadamtala
16,292,North Tripura,1955,Kadamtala,272622,Churaibari
16,292,North Tripura,1955,Kadamtala,272623,Ichailalchhara
16,292,North Tripura,1955,Kadamtala,272624,Bishnupur
16,292,North Tripura,1955,Kadamtala,272625,Ragna
16,292,North Tripura,1955,Kadamtala,272626,Baruakandi (Part)
16,292,North Tripura,1955,Kadamtala,272627,Bhagyapur
16,292,North Tripura,1955,Kadamtala,272628,Hurua (Part)
16,292,North Tripura,1955,Kadamtala,272629,Sanichhara
16,292,North Tripura,1955,Kadamtala,272630,Pratyekrai
16,292,North Tripura,1955,Kadamtala,272631,Laxminagar
16,292,North Tripura,1955,Kadamtala,272632,Chandpur 
16,292,North Tripura,1956,Panisagar,0,Panisagar
16,292,North Tripura,1956,Panisagar,272633,Balidhum
16,292,North Tripura,1956,Panisagar,272634,Paschim Halflong
16,292,North Tripura,1956,Panisagar,272635,Radhapur
16,292,North Tripura,1956,Panisagar,272636,Dhupirband
16,292,North Tripura,1956,Panisagar,272637,Kameswar (Part)
16,292,North Tripura,1956,Panisagar,272638,Ganganagar
16,292,North Tripura,1956,Panisagar,272639,Bagbasa
16,292,North Tripura,1956,Panisagar,272640,Uttar Padmabil
16,292,North Tripura,1956,Panisagar,272641,Uptakhali
16,292,North Tripura,1956,Panisagar,272642,Jubarajnagar
16,292,North Tripura,1956,Panisagar,272643,Purba Halflong
16,292,North Tripura,1956,Panisagar,272644,Rajnagar
16,292,North Tripura,1956,Panisagar,272645,Paschim Tilthai
16,292,North Tripura,1956,Panisagar,272646,Purba Tilthai
16,292,North Tripura,1956,Panisagar,272647,Deochhara
16,292,North Tripura,1956,Panisagar,272648,Ramnagar
16,292,North Tripura,1956,Panisagar,272649,Roa
16,292,North Tripura,1956,Panisagar,272650,Bilthai
16,292,North Tripura,1956,Panisagar,272651,Pekuchhara
16,292,North Tripura,1956,Panisagar,272652,Jalebasa
16,292,North Tripura,1956,Panisagar,272653,Dakshin Padmabil
16,292,North Tripura,1956,Panisagar,272654,Indurail (Part)
16,292,North Tripura,1956,Panisagar,272655,Dewanpasa (CT)
16,292,North Tripura,1956,Panisagar,272656,Panisagar (CT)
16,292,North Tripura,1957,Damchhara,0,Damchhara
16,292,North Tripura,1957,Damchhara,272657,Juri R.F.
16,292,North Tripura,1957,Damchhara,272658,Bangsul
16,292,North Tripura,1957,Damchhara,272659,Piplachhara
16,292,North Tripura,1957,Damchhara,272660,Rahumchhara
16,292,North Tripura,1957,Damchhara,272661,Indurail (Part)
16,292,North Tripura,1957,Damchhara,272662,Damchhara
16,292,North Tripura,1957,Damchhara,272663,Narendranagar
16,292,North Tripura,1957,Damchhara,272664,Kacharichhara
16,292,North Tripura,1957,Damchhara,272665,Damchhara R.F.
16,292,North Tripura,1957,Damchhara,272666,Khedachhara
16,292,North Tripura,1957,Damchhara,272667,Kalagang (Part)
16,292,North Tripura,1958,Pencharthal,0,Pencharthal
16,292,North Tripura,1958,Pencharthal,272668,Paschim Andharchhara
16,292,North Tripura,1958,Pencharthal,272669,Purba Andharchhara
16,292,North Tripura,1958,Pencharthal,272670,Lakshmanchhara
16,292,North Tripura,1958,Pencharthal,272671,Nabinchhara
16,292,North Tripura,1958,Pencharthal,272672,Pencharthal
16,292,North Tripura,1958,Pencharthal,272673,Birchandranagar
16,292,North Tripura,1958,Pencharthal,272674,Laljuri (Part)
16,292,North Tripura,1958,Pencharthal,272675,Karaichhara
16,292,North Tripura,1958,Pencharthal,272676,Baghaichhara
16,292,North Tripura,1958,Pencharthal,272677,Nalkata
16,292,North Tripura,1958,Pencharthal,272678,Dhanichhara
16,292,North Tripura,1958,Pencharthal,272679,Deo Reserve Forest
16,292,North Tripura,1958,Pencharthal,272680,Deo Reserve Forest (Part)
16,292,North Tripura,1958,Pencharthal,272681,Uttar Machmara
16,292,North Tripura,1958,Pencharthal,272682,Dewanbari
16,292,North Tripura,1958,Pencharthal,272683,Dakshin Machmara
16,292,North Tripura,1958,Pencharthal,272684,Rabiraipara
16,292,North Tripura,1959,Kumarghat,0,Kumarghat
16,292,North Tripura,1959,Kumarghat,272685,Rajkandi
16,292,North Tripura,1959,Kumarghat,272686,Radhanagar
16,292,North Tripura,1959,Kumarghat,272687,Krishnanagar
16,292,North Tripura,1959,Kumarghat,272688,Jagannathpur
16,292,North Tripura,1959,Kumarghat,272689,Natingchhara
16,292,North Tripura,1959,Kumarghat,272690,Dakshin Unakuti R.F.
16,292,North Tripura,1959,Kumarghat,272691,Sonaimuri
16,292,North Tripura,1959,Kumarghat,272692,Kumarghat (Part)
16,292,North Tripura,1959,Kumarghat,272693,Gakulnagar
16,292,North Tripura,1959,Kumarghat,272694,Ganganagar
16,292,North Tripura,1959,Kumarghat,272695,Purba Ratachhara
16,292,North Tripura,1959,Kumarghat,272696,Paschim Ratachhara
16,292,North Tripura,1959,Kumarghat,272697,Saidachhara
16,292,North Tripura,1959,Kumarghat,272698,Dengdung
16,292,North Tripura,1959,Kumarghat,272699,Laljuri
16,292,North Tripura,1959,Kumarghat,272700,Paschim Kanchanbari
16,292,North Tripura,1959,Kumarghat,272701,Masauli
16,292,North Tripura,1959,Kumarghat,272702,Dudhpur
16,292,North Tripura,1959,Kumarghat,272703,Betchhara
16,292,North Tripura,1959,Kumarghat,272704,Purba Kanchanbari
16,292,North Tripura,1959,Kumarghat,272705,Pabiachhara (Part)
16,292,North Tripura,1959,Kumarghat,272706,Deo Reserve Forest (Part)
16,292,North Tripura,1959,Kumarghat,272707,Fatikroy (CT)
16,292,North Tripura,1960,Dasda,0,Dasda
16,292,North Tripura,1960,Dasda,272708,Ujan machhmara R.F.
16,292,North Tripura,1960,Dasda,272709,Laljuri (Part)
16,292,North Tripura,1960,Dasda,272710,Jayantipara
16,292,North Tripura,1960,Dasda,272711,Jamraipara
16,292,North Tripura,1960,Dasda,272712,Santipur
16,292,North Tripura,1960,Dasda,272713,Sibnagar 
16,292,North Tripura,1960,Dasda,272714,Kanchanchhara
16,292,North Tripura,1960,Dasda,272715,Chandipur
16,292,North Tripura,1960,Dasda,272716,Manu Chailengta R.F.
16,292,North Tripura,1960,Dasda,272717,Satnala
16,292,North Tripura,1960,Dasda,272718,Dasda Laxmipur
16,292,North Tripura,1960,Dasda,272719,Kamarmara
16,292,North Tripura,1960,Dasda,272720,Dasmanipara
16,292,North Tripura,1960,Dasda,272721,Taiyangpara
16,292,North Tripura,1960,Dasda,272722,Sunitipur
16,292,North Tripura,1960,Dasda,272723,Kalapania
16,292,North Tripura,1960,Dasda,272724,Lambachhara
16,292,North Tripura,1960,Dasda,272725,Ramprasaipara
16,292,North Tripura,1960,Dasda,272726,Tuichhama
16,292,North Tripura,1960,Dasda,272727,Gachirampara
16,292,North Tripura,1960,Dasda,272728,Central Catchment R.F.
16,292,North Tripura,1960,Dasda,272729,Paschim Tlangsanbari (Part)
16,292,North Tripura,1960,Dasda,272730,Belianchief (Part)
16,292,North Tripura,1960,Dasda,272731,Kanchanpur (CT)
16,292,North Tripura,1961,Jampuii hills,0,Jampuii hills
16,292,North Tripura,1961,Jampuii hills,272732,Paschim Manpai
16,292,North Tripura,1961,Jampuii hills,272733,Purba Manpai
16,292,North Tripura,1961,Jampuii hills,272734,Tlakchi
16,292,North Tripura,1961,Jampuii hills,272735,Kalagang (Part)
16,292,North Tripura,1961,Jampuii hills,272736,Bhangmun
16,292,North Tripura,1961,Jampuii hills,272737,Belianchief (Part)
16,292,North Tripura,1961,Jampuii hills,272738,Banglabari
16,292,North Tripura,1961,Jampuii hills,272739,Paschim Tlangsangbari (Part)
16,292,North Tripura,1961,Jampuii hills,272740,Simblong
16,292,North Tripura,1961,Jampuii hills,272741,Sailo
16,292,North Tripura,1961,Jampuii hills,272742,Sabual
16,292,North Tripura,1961,Jampuii hills,272743,Central Catchment R.F.
